seq,llatitude,longitude,llatitude_utm,longitude_utm,option
135396,37.23965631,126.7736361,302516.9182,4123781.294,0
135417,37.23965414,126.7736412,302517.3636,4123781.043,0
135437,37.23965198,126.7736463,302517.8079,4123780.792,0
135450,37.23964972,126.7736516,302518.2716,4123780.531,0
135459,37.2396476,126.7736565,302518.7088,4123780.285,0
135466,37.2396454,126.7736617,302519.164,4123780.031,0
135473,37.23964303,126.7736674,302519.656,4123779.756,0
135480,37.23964071,126.7736729,302520.1386,4123779.487,0
135487,37.23963825,126.7736787,302520.652,4123779.201,0
135493,37.23963572,126.7736847,302521.1795,4123778.908,0
135498,37.23963347,126.7736901,302521.6512,4123778.647,0
135503,37.23963087,126.7736963,302522.1952,4123778.346,0
135508,37.23962848,126.773702,302522.6931,4123778.069,0
135512,37.23962635,126.7737071,302523.1383,4123777.822,0
135517,37.23962387,126.773713,302523.6564,4123777.534,0
135522,37.23962138,126.773719,302524.1789,4123777.246,0
135527,37.23961914,126.7737243,302524.6486,4123776.986,0
135532,37.23961634,126.7737311,302525.2375,4123776.66,0
135536,37.23961415,126.7737363,302525.6958,4123776.407,0
135540,37.23961184,126.7737418,302526.1803,4123776.139,0
135544,37.23960964,126.7737471,302526.6417,4123775.884,0
135548,37.23960719,126.773753,302527.1562,4123775.6,0
135552,37.23960476,126.7737588,302527.6659,4123775.318,0
135556,37.23960222,126.7737648,302528.197,4123775.023,0
135561,37.2395998,126.7737706,302528.7012,4123774.743,0
135566,37.23959722,126.7737767,302529.239,4123774.444,0
135572,37.23959454,126.7737831,302529.7962,4123774.133,0
135578,37.23959243,126.7737881,302530.2368,4123773.888,0
135584,37.23959027,126.7737935,302530.7132,4123773.638,0
135590,37.23958815,126.7737989,302531.1844,4123773.392,0
135597,37.23958609,126.7738047,302531.6945,4123773.15,0
135603,37.23958438,126.77381,302532.1583,4123772.95,0
135610,37.23958238,126.7738166,302532.7348,4123772.715,0
135616,37.23958062,126.7738224,302533.2445,4123772.507,0
135622,37.23957909,126.7738277,302533.7139,4123772.326,0
135629,37.23957742,126.773834,302534.2653,4123772.127,10
135635,37.239576,126.7738395,302534.7522,4123771.958,10
135642,37.23957454,126.773846,302535.3274,4123771.783,10
135648,37.23957352,126.7738518,302535.8408,4123771.657,10
135655,37.23957274,126.7738585,302536.4312,4123771.557,10
135662,37.23957218,126.7738649,302536.992,4123771.481,10
135670,37.2395716,126.773871,302537.5326,4123771.405,10
135677,37.23957107,126.7738767,302538.0408,4123771.333,10
135684,37.23957048,126.7738833,302538.6229,4123771.255,10
135691,37.23957004,126.7738893,302539.1534,4123771.193,10
135698,37.23956972,126.7738954,302539.6968,4123771.145,10
135704,37.23956959,126.7739016,302540.2467,4123771.117,10
135711,37.23956965,126.7739084,302540.8482,4123771.11,10
135718,37.23956996,126.773915,302541.4316,4123771.131,10
135725,37.23957047,126.7739212,302541.9863,4123771.174,10
135731,37.23957135,126.7739268,302542.4843,4123771.26,10
135737,37.23957275,126.7739324,302542.9859,4123771.404,10
135744,37.23957436,126.7739377,302543.4572,4123771.572,10
135752,37.23957617,126.7739436,302543.9922,4123771.76,10
135761,37.2395778,126.7739491,302544.4783,4123771.929,10
135770,37.23957943,126.7739545,302544.9665,4123772.099,10
135779,37.23958122,126.7739601,302545.4648,4123772.286,10
135788,37.23958319,126.7739656,302545.9599,4123772.493,10
135795,37.23958517,126.7739709,302546.4316,4123772.702,10
135802,37.23958736,126.7739763,302546.9158,4123772.933,10
135809,37.23958954,126.7739815,302547.3823,4123773.165,10
135816,37.23959192,126.7739867,302547.8518,4123773.418,10
135823,37.23959448,126.7739921,302548.3367,4123773.69,10
135830,37.23959709,126.7739973,302548.8046,4123773.97,10
135836,37.23959957,126.774002,302549.2298,4123774.235,10
135842,37.23960212,126.7740067,302549.6544,4123774.508,10
135848,37.23960478,126.7740114,302550.0792,4123774.794,10
135854,37.23960751,126.7740161,302550.5014,4123775.086,10
135860,37.23961031,126.7740208,302550.9244,4123775.388,10
135866,37.23961313,126.7740254,302551.3381,4123775.69,10
135872,37.23961618,126.7740302,302551.7718,4123776.019,10
135879,37.23961961,126.7740348,302552.1965,4123776.389,10
135887,37.23962369,126.7740391,302552.5878,4123776.833,10
135894,37.23962737,126.7740425,302552.8965,4123777.235,10
135900,37.23963131,126.774046,302553.2129,4123777.665,10
135907,37.23963518,126.7740494,302553.5248,4123778.087,10
135914,37.23963924,126.7740529,302553.8477,4123778.53,10
135921,37.23964336,126.7740563,302554.1634,4123778.98,0
135928,37.23964792,126.77406,302554.5019,4123779.478,0
135935,37.23965217,126.7740635,302554.8195,4123779.943,0
135941,37.23965641,126.7740669,302555.1338,4123780.406,0
135947,37.23966094,126.7740703,302555.4484,4123780.902,0
135953,37.23966501,126.7740734,302555.7318,4123781.347,0
135959,37.23966933,126.7740766,302556.0304,4123781.82,0
135965,37.23967335,126.7740794,302556.2893,4123782.26,0
135971,37.23967729,126.7740822,302556.5451,4123782.691,0
135978,37.23968185,126.7740854,302556.8403,4123783.191,0
135984,37.23968612,126.7740881,302557.0977,4123783.658,0
135991,37.23969081,126.7740912,302557.3828,4123784.173,0
135998,37.23969524,126.7740941,302557.6519,4123784.658,0
136005,37.23969988,126.7740972,302557.934,4123785.167,0
136011,37.23970403,126.7740999,302558.1857,4123785.622,0
136016,37.2397084,126.7741027,302558.4498,4123786.1,0
136021,37.23971245,126.7741054,302558.6947,4123786.544,0
136024,37.23971655,126.774108,302558.9427,4123786.993,0
136029,37.23972103,126.774111,302559.2133,4123787.485,0
136033,37.23972517,126.7741136,302559.4624,4123787.938,0
136037,37.23972947,126.7741164,302559.7214,4123788.409,2
136041,37.23973397,126.7741194,302559.9919,4123788.903,0
136045,37.23973861,126.7741224,302560.2711,4123789.412,0
136049,37.2397436,126.7741256,302560.5713,4123789.958,0
136053,37.23974834,126.7741287,302560.8564,4123790.477,0
136058,37.23975312,126.7741318,302561.1455,4123791.002,0
136063,37.23975786,126.7741349,302561.4317,4123791.522,0
136068,37.2397621,126.7741376,302561.6863,4123791.986,0
136073,37.23976666,126.7741406,302561.9606,4123792.486,0
136078,37.23977119,126.7741435,302562.2348,4123792.983,0
136084,37.23977577,126.7741465,302562.5119,4123793.484,0
136090,37.23978064,126.7741497,302562.8074,4123794.019,0
136095,37.23978466,126.7741523,302563.0505,4123794.459,0
136099,37.23978883,126.7741551,302563.3021,4123794.915,0
136103,37.23979338,126.774158,302563.5768,4123795.414,0
136107,37.23979752,126.7741607,302563.8268,4123795.869,0
136111,37.23980186,126.7741635,302564.0879,4123796.344,0
136115,37.23980634,126.7741664,302564.3573,4123796.835,0
136119,37.23981086,126.7741694,302564.6292,4123797.33,0
136123,37.23981596,126.7741727,302564.936,4123797.889,0
136127,37.23982005,126.7741753,302565.1819,4123798.337,0
136130,37.23982419,126.774178,302565.431,4123798.791,0
136133,37.23982909,126.7741812,302565.7254,4123799.328,0
136137,37.2398342,126.7741845,302566.0323,4123799.889,0
136141,37.23983899,126.7741876,302566.3163,4123800.414,0
136144,37.23984367,126.7741903,302566.5736,4123800.927,0
136147,37.23984904,126.7741932,302566.8398,4123801.517,0
136151,37.23985428,126.7741958,302567.0896,4123802.093,0
136155,37.23985878,126.7741981,302567.3008,4123802.588,0
136159,37.23986392,126.7742004,302567.517,4123803.153,0
136163,37.23986962,126.7742024,302567.7094,4123803.781,0
136167,37.23987461,126.7742036,302567.8325,4123804.333,0
136172,37.23988013,126.7742046,302567.9361,4123804.943,0
136176,37.23988505,126.7742051,302567.9927,4123805.488,0
136180,37.2398897,126.7742053,302568.0256,4123806.004,0
136185,37.23989577,126.7742056,302568.0632,4123806.677,0
136189,37.23990101,126.7742056,302568.0763,4123807.258,0
136193,37.23990576,126.7742055,302568.0847,4123807.785,0
136198,37.23991083,126.7742053,302568.0781,4123808.348,0
136202,37.23991553,126.774205,302568.0647,4123808.87,0
136207,37.23992053,126.7742045,302568.0357,4123809.425,0
136212,37.23992556,126.774204,302568.0002,4123809.985,0
136217,37.23993134,126.7742032,302567.9435,4123810.628,0
136221,37.23993608,126.7742021,302567.8594,4123811.156,0
136226,37.23994062,126.7742006,302567.7352,4123811.663,0
136231,37.23994552,126.7741984,302567.5588,4123812.212,0
136235,37.2399505,126.7741957,302567.3339,4123812.77,0
136241,37.23995517,126.7741931,302567.1137,4123813.293,0
136246,37.23995948,126.7741905,302566.891,4123813.777,0
136251,37.23996391,126.7741873,302566.6227,4123814.276,0
136256,37.23996841,126.7741836,302566.3016,4123814.783,0
136261,37.23997248,126.7741794,302565.9433,4123815.243,0
136267,37.23997663,126.7741743,302565.5031,4123815.714,0
136273,37.23998001,126.7741693,302565.0626,4123816.099,0
136278,37.23998279,126.7741644,302564.6368,4123816.418,0
136282,37.2399854,126.7741596,302564.2182,4123816.718,0
136287,37.23998844,126.7741541,302563.7358,4123817.066,0
136292,37.23999124,126.774149,302563.2907,4123817.388,0
136297,37.23999445,126.7741431,302562.7818,4123817.756,0
136301,37.23999744,126.7741377,302562.3052,4123818.1,0
136305,37.24000018,126.7741325,302561.852,4123818.414,0
136309,37.24000308,126.774127,302561.3696,4123818.748,0
136313,37.24000569,126.774122,302560.9356,4123819.048,0
136316,37.24000819,126.7741172,302560.5201,4123819.335,0
136320,37.24001107,126.7741118,302560.0413,4123819.665,0
136324,37.2400142,126.7741056,302559.5074,4123820.026,0
136328,37.24001748,126.774099,302558.9259,4123820.404,0
136332,37.24001996,126.7740939,302558.4826,4123820.69,0
136336,37.24002244,126.7740887,302558.0217,4123820.976,0
136340,37.24002493,126.7740834,302557.5597,4123821.263,0
136344,37.24002735,126.7740782,302557.1079,4123821.543,0
136348,37.24002978,126.774073,302556.6551,4123821.823,0
136351,37.2400322,126.7740679,302556.2041,4123822.102,0
136355,37.2400347,126.7740626,302555.738,4123822.39,0
136359,37.24003715,126.774057,302555.25,4123822.674,0
136363,37.24003963,126.7740511,302554.7307,4123822.962,0
136368,37.24004204,126.7740453,302554.2259,4123823.241,0
136373,37.24004462,126.7740392,302553.6874,4123823.54,0
136378,37.24004686,126.7740338,302553.2181,4123823.8,0
136383,37.24004944,126.7740276,302552.6785,4123824.099,0
136387,37.24005163,126.7740224,302552.2199,4123824.352,0
136391,37.24005415,126.7740164,302551.6918,4123824.644,0
136395,37.24005652,126.7740107,302551.194,4123824.92,0
136399,37.24005896,126.7740048,302550.6817,4123825.202,0
136403,37.24006152,126.7739987,302550.146,4123825.5,0
136407,37.24006416,126.7739924,302549.5883,4123825.806,0
136411,37.2400665,126.7739867,302549.0945,4123826.078,0
136415,37.24006915,126.7739804,302548.5402,4123826.385,0
136419,37.24007129,126.7739753,302548.092,4123826.633,0
136423,37.24007361,126.7739697,302547.6053,4123826.901,0
136427,37.24007624,126.7739634,302547.0522,4123827.206,0
136431,37.2400785,126.773958,302546.5806,4123827.468,0
136435,37.24008107,126.7739519,302546.0411,4123827.767,0
136438,37.24008372,126.7739455,302545.4843,4123828.074,0
136442,37.24008646,126.773939,302544.9082,4123828.392,0
136445,37.24008856,126.7739339,302544.4672,4123828.635,0
136448,37.24009069,126.7739288,302544.0203,4123828.882,0
136451,37.24009289,126.7739235,302543.5559,4123829.138,0
136454,37.24009505,126.7739183,302543.1018,4123829.388,0
136457,37.24009733,126.7739128,302542.6204,4123829.653,0
136460,37.24009984,126.7739068,302542.0914,4123829.944,0
136463,37.24010218,126.7739012,302541.5985,4123830.215,0
136466,37.24010454,126.7738955,302541.1002,4123830.489,0
136468,37.24010685,126.7738899,302540.6133,4123830.756,0
136471,37.24010893,126.7738849,302540.1745,4123830.998,0
136474,37.2401113,126.7738792,302539.6749,4123831.272,0
136477,37.24011382,126.7738732,302539.1423,4123831.565,0
136480,37.24011649,126.7738667,302538.5769,4123831.874,0
136483,37.24011902,126.7738606,302538.0414,4123832.168,0
136486,37.24012114,126.7738555,302537.5923,4123832.414,0
136489,37.24012361,126.7738495,302537.0712,4123832.7,0
136491,37.24012572,126.7738444,302536.6253,4123832.945,0
136493,37.24012781,126.7738394,302536.182,4123833.188,0
136496,37.24013035,126.7738333,302535.6468,4123833.482,0
136499,37.24013292,126.773827,302535.1017,4123833.781,0
136502,37.24013544,126.773821,302534.5694,4123834.073,0
136504,37.24013752,126.773816,302534.1301,4123834.314,0
136507,37.24014006,126.7738098,302533.5934,4123834.608,0
136510,37.24014293,126.7738029,302532.9852,4123834.942,0
136513,37.24014602,126.7737954,302532.332,4123835.3,0
136516,37.24014828,126.77379,302531.8527,4123835.563,0
136519,37.24015084,126.7737838,302531.3107,4123835.86,0
136522,37.24015338,126.7737777,302530.7739,4123836.154,0
136524,37.24015546,126.7737726,302530.3324,4123836.395,0
136527,37.24015768,126.7737673,302529.8633,4123836.653,0
136530,37.24016023,126.7737611,302529.3242,4123836.948,0
136532,37.24016235,126.773756,302528.874,4123837.195,0
136534,37.2401645,126.7737508,302528.4192,4123837.444,0
136537,37.24016711,126.7737445,302527.8671,4123837.746,0
136540,37.24016972,126.7737382,302527.3138,4123838.049,0
136543,37.24017225,126.7737321,302526.7774,4123838.343,0
136545,37.24017439,126.7737269,302526.3243,4123838.591,0
136548,37.24017691,126.7737208,302525.7915,4123838.884,0
136551,37.24017952,126.7737145,302525.2403,4123839.186,0
136554,37.24018211,126.7737083,302524.691,4123839.487,0
136557,37.24018471,126.773702,302524.1422,4123839.788,0
136560,37.24018731,126.7736957,302523.5933,4123840.089,0
136563,37.24018955,126.7736903,302523.1193,4123840.35,0
136566,37.2401921,126.7736842,302522.5812,4123840.645,0
136568,37.24019423,126.773679,302522.1316,4123840.892,0
136571,37.24019678,126.7736729,302521.5926,4123841.188,0
136574,37.24019951,126.7736663,302521.0162,4123841.505,0
136576,37.24020167,126.7736611,302520.5611,4123841.755,0
136579,37.24020425,126.7736549,302520.0149,4123842.055,0
136582,37.24020683,126.7736486,302519.4646,4123842.354,0
136585,37.24020927,126.7736423,302518.9141,4123842.638,0
136588,37.24021168,126.773636,302518.362,4123842.919,0
136591,37.24021411,126.7736296,302517.8014,4123843.201,0
136593,37.24021609,126.7736244,302517.3433,4123843.432,0
136596,37.24021846,126.7736182,302516.794,4123843.708,0
136599,37.24022055,126.7736126,302516.3076,4123843.952,0
136602,37.24022288,126.7736065,302515.768,4123844.223,0
136604,37.24022486,126.7736012,302515.3089,4123844.454,0
136607,37.24022684,126.773596,302514.8506,4123844.684,0
136610,37.24022924,126.7735897,302514.2961,4123844.963,0
136613,37.24023162,126.7735834,302513.7438,4123845.241,0
136616,37.24023394,126.7735773,302513.2061,4123845.511,0
136619,37.24023612,126.7735715,302512.7023,4123845.765,0
136622,37.24023823,126.773566,302512.2164,4123846.01,0
136625,37.24024047,126.7735601,302511.7019,4123846.271,0
136629,37.240243,126.7735535,302511.1249,4123846.566,0
136633,37.24024517,126.7735479,302510.6295,4123846.818,0
136637,37.24024738,126.7735421,302510.1254,4123847.076,0
136641,37.24024984,126.7735358,302509.5661,4123847.362,0
136645,37.24025219,126.7735299,302509.0538,4123847.635,0
136649,37.24025459,126.7735243,302508.5645,4123847.913,0
136654,37.24025714,126.7735184,302508.0474,4123848.208,0
136659,37.24025992,126.773512,302507.4857,4123848.529,0
136664,37.24026221,126.7735067,302507.0216,4123848.795,0
136669,37.24026474,126.7735008,302506.4991,4123849.089,0
136674,37.24026706,126.7734953,302506.0206,4123849.358,0
136679,37.24026922,126.7734902,302505.5765,4123849.608,0
136684,37.24027175,126.7734843,302505.0551,4123849.9,0
136689,37.24027403,126.7734788,302504.5795,4123850.165,0
136694,37.24027672,126.7734721,302503.9883,4123850.478,0
136698,37.24027885,126.7734668,302503.525,4123850.724,0
136703,37.24028139,126.7734605,302502.9698,4123851.02,0
136707,37.24028396,126.7734541,302502.408,4123851.319,0
136711,37.2402861,126.7734487,302501.9411,4123851.567,0
136715,37.24028858,126.7734426,302501.4,4123851.855,0
136719,37.24029129,126.7734358,302500.8095,4123852.169,0
136723,37.24029357,126.7734302,302500.3108,4123852.435,0
136726,37.24029571,126.7734248,302499.8438,4123852.684,0
136730,37.24029811,126.7734189,302499.3222,4123852.962,0
136733,37.24030015,126.7734138,302498.8758,4123853.199,0
136736,37.24030246,126.7734081,302498.3746,4123853.467,0
136740,37.24030526,126.7734011,302497.7636,4123853.792,0
136744,37.24030804,126.7733942,302497.1567,4123854.115,0
136748,37.24031042,126.7733882,302496.6376,4123854.392,0
136752,37.24031288,126.7733821,302496.1017,4123854.678,0
136756,37.24031536,126.773376,302495.5634,4123854.966,0
136760,37.24031817,126.7733692,302494.9702,4123855.291,0
136764,37.24032044,126.7733638,302494.4977,4123855.555,0
136768,37.24032269,126.7733585,302494.0326,4123855.816,0
136772,37.24032512,126.773353,302493.5462,4123856.097,0
136776,37.24032773,126.7733472,302493.0389,4123856.398,0
136781,37.24033063,126.7733413,302492.5231,4123856.733,0
136785,37.24033359,126.7733359,302492.053,4123857.072,0
136790,37.24033688,126.7733305,302491.5803,4123857.448,0
136794,37.2403399,126.7733259,302491.1861,4123857.792,0
136798,37.24034306,126.7733216,302490.812,4123858.152,0
136802,37.24034627,126.7733175,302490.451,4123858.518,0
136806,37.24035019,126.7733129,302490.0613,4123858.962,0
136810,37.24035372,126.7733094,302489.7561,4123859.361,0
136815,37.24035753,126.7733058,302489.4448,4123859.791,0
136819,37.24036152,126.773302,302489.118,4123860.242,0
136823,37.2403653,126.7732986,302488.8312,4123860.669,0
136828,37.24036941,126.7732954,302488.5537,4123861.131,0
136833,37.24037404,126.7732919,302488.2598,4123861.652,0
136838,37.24037821,126.7732893,302488.0336,4123862.121,0
136843,37.24038293,126.7732866,302487.8061,4123862.649,0
136849,37.24038782,126.7732841,302487.6011,4123863.197,0
136854,37.24039222,126.7732825,302487.469,4123863.689,0
136860,37.24039704,126.7732816,302487.4065,4123864.226,0
136867,37.24040155,126.7732819,302487.4446,4123864.726,0
136874,37.24040638,126.7732836,302487.6004,4123865.258,0
136881,37.24041064,126.7732856,302487.7939,4123865.726,0
136887,37.24041496,126.773288,302488.0209,4123866.201,0
136892,37.24041925,126.7732905,302488.248,4123866.672,0
136897,37.24042402,126.7732931,302488.4974,4123867.195,0
136902,37.24042877,126.7732958,302488.7467,4123867.717,0
136906,37.24043308,126.7732983,302488.9799,4123868.19,0
136911,37.24043796,126.7733012,302489.2448,4123868.725,0
136915,37.24044235,126.7733037,302489.483,4123869.207,0
136919,37.24044739,126.7733067,302489.7566,4123869.761,0
136923,37.24045171,126.7733092,302489.9924,4123870.234,0
136926,37.240456,126.7733119,302490.241,4123870.705,0
136929,37.24046039,126.7733146,302490.4955,4123871.186,0
136934,37.24046543,126.7733178,302490.7894,4123871.739,0
136938,37.24046997,126.7733206,302491.0536,4123872.237,0
136942,37.24047473,126.7733236,302491.3315,4123872.759,0
136946,37.24047967,126.7733267,302491.6193,4123873.3,0
136950,37.24048474,126.7733299,302491.9155,4123873.856,0
136954,37.24048993,126.7733332,302492.2188,4123874.426,0
136957,37.24049398,126.7733358,302492.4601,4123874.87,0
136960,37.24049971,126.7733397,302492.822,4123875.497,0
136963,37.2405037,126.7733424,302493.0782,4123875.934,0
136967,37.24050843,126.7733457,302493.383,4123876.452,0
136971,37.24051353,126.7733493,302493.7128,4123877.01,0
136975,37.24051782,126.7733523,302493.9902,4123877.48,0
136978,37.24052196,126.7733552,302494.2577,4123877.933,0
136982,37.24052694,126.7733587,302494.5788,4123878.479,0
136986,37.24053209,126.7733622,302494.9013,4123879.043,0
136990,37.24053677,126.7733653,302495.1919,4123879.555,0
136993,37.24054198,126.7733688,302495.5156,4123880.127,0
136996,37.24054608,126.7733715,302495.7703,4123880.576,0
136999,37.24055021,126.7733743,302496.0266,4123881.028,0
137002,37.24055581,126.7733781,302496.3757,4123881.642,0
137005,37.24056011,126.773381,302496.6433,4123882.113,0
137008,37.24056446,126.7733839,302496.914,4123882.59,0
137011,37.24056888,126.7733868,302497.188,4123883.074,0
137014,37.24057339,126.7733899,302497.4676,4123883.568,0
137017,37.24057792,126.7733929,302497.7484,4123884.064,0
137020,37.24058408,126.773397,302498.1293,4123884.739,0
137023,37.24058877,126.7734002,302498.4208,4123885.253,0
137026,37.24059388,126.7734038,302498.7551,4123885.812,0
137029,37.24059827,126.773407,302499.0517,4123886.293,0
137032,37.24060244,126.7734101,302499.3356,4123886.749,0
137035,37.24060651,126.7734131,302499.6144,4123887.194,0
137039,37.24061176,126.7734172,302499.9903,4123887.769,0
137043,37.2406167,126.7734214,302500.3782,4123888.308,0
137047,37.24062136,126.7734257,302500.7677,4123888.816,0
137051,37.24062583,126.77343,302501.1683,4123889.303,0
137055,37.24062996,126.7734342,302501.5457,4123889.752,0
137059,37.24063358,126.7734378,302501.8784,4123890.147,0
137063,37.24063734,126.7734416,302502.2234,4123890.555,0
137067,37.24064168,126.773446,302502.6235,4123891.028,0
137071,37.24064545,126.7734498,302502.9706,4123891.438,0
137075,37.24064967,126.7734541,302503.3634,4123891.898,0
137079,37.24065412,126.7734588,302503.7922,4123892.382,0
137083,37.24065838,126.7734633,302504.2046,4123892.845,0
137087,37.24066253,126.7734679,302504.6271,4123893.295,0
137091,37.24066606,126.7734724,302505.0297,4123893.678,0
137095,37.24066927,126.7734771,302505.4542,4123894.024,0
137100,37.24067239,126.7734823,302505.9259,4123894.36,0
137104,37.24067481,126.773487,302506.3538,4123894.619,0
137109,37.24067741,126.7734926,302506.8539,4123894.895,0
137114,37.24067981,126.7734978,302507.3169,4123895.15,0
137119,37.2406821,126.7735027,302507.7602,4123895.394,0
137125,37.24068471,126.7735084,302508.2743,4123895.673,0
137131,37.24068703,126.773514,302508.7769,4123895.918,0
137137,37.24068933,126.7735196,302509.2836,4123896.161,0
137143,37.24069164,126.7735261,302509.864,4123896.404,0
137149,37.24069342,126.7735317,302510.3618,4123896.591,0
137154,37.24069491,126.7735371,302510.8465,4123896.745,0
137160,37.24069642,126.773544,302511.4594,4123896.898,0
137166,37.24069728,126.7735504,302512.0334,4123896.98,0
137171,37.24069763,126.7735562,302512.5522,4123897.006,0
137176,37.24069743,126.7735625,302513.1092,4123896.971,0
137180,37.24069692,126.7735682,302513.6074,4123896.902,0
137186,37.24069633,126.773574,302514.1238,4123896.825,0
137191,37.24069571,126.7735801,302514.6661,4123896.743,0
137197,37.24069485,126.7735866,302515.2339,4123896.635,0
137203,37.24069394,126.7735929,302515.7917,4123896.52,0
137208,37.24069294,126.7735985,302516.284,4123896.397,0
137214,37.24069157,126.7736048,302516.8431,4123896.232,0
137220,37.24069027,126.7736104,302517.3341,4123896.076,0
137226,37.24068878,126.7736161,302517.8379,4123895.899,0
137233,37.24068693,126.7736226,302518.4089,4123895.681,0
137240,37.24068511,126.7736286,302518.9356,4123895.466,0
137246,37.24068318,126.7736342,302519.4269,4123895.24,0
137252,37.24068126,126.7736394,302519.887,4123895.017,0
137258,37.24067936,126.7736447,302520.3499,4123894.795,0
137263,37.24067741,126.7736498,302520.803,4123894.568,0
137268,37.24067519,126.7736552,302521.2741,4123894.309,0
137273,37.24067276,126.773661,302521.7832,4123894.028,0
137278,37.24066981,126.7736674,302522.3415,4123893.687,0
137283,37.2406674,126.7736724,302522.774,4123893.41,0
137288,37.24066458,126.7736782,302523.2837,4123893.084,0
137293,37.24066197,126.7736836,302523.7555,4123892.783,0
137297,37.2406596,126.7736885,302524.182,4123892.511,0
137301,37.2406569,126.773694,302524.6699,4123892.199,0
137305,37.24065449,126.773699,302525.1056,4123891.922,0
137309,37.2406519,126.7737046,302525.5898,4123891.622,0
137313,37.24064936,126.7737104,302526.1041,4123891.328,0
137317,37.24064672,126.7737166,302526.6416,4123891.023,0
137321,37.240644,126.7737229,302527.1974,4123890.708,0
137325,37.24064121,126.7737294,302527.7695,4123890.384,0
137328,37.24063904,126.7737345,302528.2125,4123890.133,0
137331,37.24063658,126.7737403,302528.7178,4123889.847,0
137334,37.24063436,126.7737455,302529.1721,4123889.591,0
137337,37.24063209,126.7737508,302529.6384,4123889.328,0
137340,37.24062954,126.7737568,302530.1628,4123889.032,0
137343,37.24062668,126.7737635,302530.75,4123888.701,0
137347,37.24062375,126.7737703,302531.3501,4123888.361,0
137351,37.24062101,126.7737767,302531.9095,4123888.044,0
137355,37.24061863,126.7737822,302532.3931,4123887.769,0
137359,37.24061626,126.7737877,302532.8741,4123887.494,0
137363,37.24061384,126.7737933,302533.3672,4123887.213,0
137368,37.24061145,126.7737989,302533.8523,4123886.937,0
137373,37.2406091,126.7738043,302534.3285,4123886.665,0
137378,37.24060684,126.7738095,302534.7846,4123886.404,0
137386,37.24060462,126.7738146,302535.2291,4123886.147,0
137446,37.24060233,126.7738199,302535.6888,4123885.882,0
137457,37.24060006,126.7738251,302536.1465,4123885.619,0
137465,37.2405978,126.7738303,302536.6061,4123885.357,0
137472,37.24059574,126.7738354,302537.0463,4123885.118,0
137479,37.24059361,126.7738408,302537.5251,4123884.87,0
137487,37.24059138,126.7738466,302538.0285,4123884.61,0
137494,37.24058956,126.773852,302538.5091,4123884.397,0
137501,37.24058792,126.7738575,302538.9917,4123884.204,0
137508,37.24058643,126.773863,302539.4707,4123884.027,0
137515,37.24058497,126.7738691,302540.0104,4123883.853,0
137522,37.24058368,126.7738748,302540.5112,4123883.698,0
137529,37.24058262,126.7738802,302540.9951,4123883.568,0
137536,37.24058181,126.7738862,302541.5176,4123883.467,0
137541,37.24058153,126.7738924,302542.0662,4123883.422,0
137546,37.24058176,126.7738983,302542.5965,4123883.435,0
137553,37.24058254,126.7739047,302543.1669,4123883.508,0
137560,37.24058357,126.7739106,302543.6878,4123883.611,0
137567,37.24058482,126.7739172,302544.2749,4123883.735,0
137573,37.24058594,126.7739229,302544.7904,4123883.847,0
137580,37.24058725,126.7739287,302545.3028,4123883.982,0
137586,37.24058869,126.7739341,302545.7887,4123884.13,0
137591,37.24059035,126.7739399,302546.3072,4123884.301,0
137597,37.24059236,126.7739458,302546.8321,4123884.513,0
137604,37.24059461,126.7739515,302547.3479,4123884.75,0
137611,37.24059707,126.7739567,302547.8149,4123885.012,0
137618,37.24059981,126.7739613,302548.2269,4123885.307,0
137626,37.24060297,126.7739653,302548.594,4123885.649,0
137635,37.24060668,126.7739689,302548.9257,4123886.052,0
137645,37.24061056,126.7739727,302549.2678,4123886.475,0
137654,37.24061455,126.7739765,302549.6196,4123886.91,0
137661,37.24061813,126.77398,302549.9348,4123887.301,0
137669,37.24062208,126.7739835,302550.2537,4123887.732,0
137678,37.24062609,126.7739867,302550.5517,4123888.17,0
137685,37.24063005,126.7739897,302550.8296,4123888.602,0
137694,37.240634,126.7739928,302551.1127,4123889.035,0
137702,37.240638,126.7739957,302551.3813,4123889.473,0
137711,37.24064221,126.7739986,302551.6539,4123889.933,0
137720,37.24064623,126.7740014,302551.9107,4123890.373,0
137727,37.24065034,126.774004,302552.1483,4123890.824,0
137736,37.24065454,126.7740066,302552.3958,4123891.285,0
137745,37.24065883,126.7740094,302552.648,4123891.755,0
137753,37.24066304,126.774012,302552.8957,4123892.216,0
137761,37.24066748,126.7740149,302553.1576,4123892.703,0
137770,37.24067196,126.7740177,302553.4219,4123893.194,0
137779,37.2406765,126.7740206,302553.6899,4123893.693,0
137788,37.24068076,126.7740233,302553.9407,4123894.159,0
137796,37.24068503,126.7740261,302554.1999,4123894.628,0
137805,37.24068921,126.7740288,302554.4551,4123895.086,0
137814,37.24069332,126.7740317,302554.7159,4123895.536,0
137824,37.24069751,126.7740345,302554.9799,4123895.994,0
137833,37.24070216,126.7740378,302555.2798,4123896.504,0
137841,37.24070635,126.7740407,302555.5554,4123896.962,0
137849,37.24071026,126.7740436,302555.8176,4123897.391,0
137856,37.24071465,126.7740469,302556.1239,4123897.871,0
137864,37.24071893,126.7740501,302556.4186,4123898.339,0
137872,37.24072334,126.7740534,302556.7269,4123898.821,0
137880,37.24072789,126.774057,302557.0563,4123899.319,0
137888,37.2407323,126.7740605,302557.373,4123899.8,0
137895,37.24073613,126.7740635,302557.6483,4123900.219,0
137902,37.2407401,126.7740665,302557.9331,4123900.653,0
137909,37.24074406,126.7740696,302558.2177,4123901.086,0
137917,37.24074832,126.7740731,302558.539,4123901.552,0
137926,37.24075208,126.7740765,302558.8435,4123901.963,0
137936,37.24075587,126.77408,302559.1681,4123902.376,0
137947,37.24075956,126.7740839,302559.5229,4123902.777,0
137960,37.24076322,126.7740881,302559.9058,4123903.174,0
137973,37.24076693,126.7740923,302560.2884,4123903.577,0
137984,37.24077054,126.7740964,302560.6601,4123903.969,0
137994,37.24077393,126.7741002,302561.004,4123904.337,0
138005,37.24077747,126.7741037,302561.3281,4123904.723,0
138017,37.24078114,126.7741073,302561.6567,4123905.122,0
138030,37.24078512,126.7741103,302561.9282,4123905.557,0
138044,37.24078959,126.7741127,302562.1542,4123906.049,0
138058,37.24079401,126.7741146,302562.3385,4123906.535,0
138074,37.24079862,126.7741156,302562.4362,4123907.044,0
138091,37.24080324,126.7741154,302562.4279,4123907.557,8
138181,37.24079853,126.7741152,302562.4012,4123907.035,1
138201,37.24079385,126.7741151,302562.3812,4123906.516,1
138218,37.24078898,126.774115,302562.3602,4123905.976,1
138234,37.24078442,126.7741148,302562.333,4123905.471,1
138251,37.24077981,126.7741148,302562.3152,4123904.959,1
138269,37.24077494,126.7741146,302562.2841,4123904.419,1
138289,37.24077036,126.7741149,302562.3056,4123903.91,1
138315,37.24076595,126.7741169,302562.4682,4123903.417,1
138345,37.24076228,126.7741203,302562.7635,4123903.003,1
138375,37.24075933,126.7741248,302563.1525,4123902.665,1
138394,37.24075638,126.7741293,302563.5422,4123902.33,1
138408,37.24075325,126.7741341,302563.9562,4123901.972,1
138421,37.24075023,126.7741385,302564.3433,4123901.627,1
138434,37.24074718,126.7741432,302564.7496,4123901.279,1
138448,37.24074417,126.7741481,302565.1775,4123900.935,1
138460,37.24074172,126.7741529,302565.5969,4123900.653,9
138545,37.24074393,126.7741472,302565.101,4123900.91,0
138557,37.24074607,126.774142,302564.6393,4123901.159,0
138569,37.24074824,126.7741366,302564.1712,4123901.411,0
138578,37.24075063,126.7741308,302563.6567,4123901.688,0
138586,37.24075292,126.7741249,302563.1463,4123901.954,0
138593,37.240755,126.7741186,302562.5929,4123902.198,0
138601,37.24075697,126.7741125,302562.0556,4123902.429,0
138608,37.24075844,126.7741072,302561.5854,4123902.604,0
138617,37.24075949,126.7741011,302561.045,4123902.733,0
138626,37.24075986,126.7740952,302560.5304,4123902.787,0
138636,37.24075961,126.7740893,302560.0036,4123902.77,0
138647,37.24075831,126.7740838,302559.5108,4123902.639,0
138660,37.24075577,126.7740789,302559.0719,4123902.367,0
138676,37.24075238,126.7740751,302558.7275,4123901.998,0
138690,37.24074843,126.7740721,302558.4497,4123901.567,0
138700,37.24074424,126.7740693,302558.1915,4123901.107,0
138711,37.24074005,126.7740664,302557.9182,4123900.648,0
138722,37.2407359,126.7740632,302557.624,4123900.194,0
138731,37.24073143,126.7740598,302557.3134,4123899.705,0
138739,37.24072742,126.7740568,302557.0359,4123899.267,0
138746,37.24072336,126.7740538,302556.7544,4123898.823,0
138753,37.24071914,126.7740506,302556.4629,4123898.361,0
138759,37.2407151,126.7740476,302556.1839,4123897.919,0
138765,37.24071122,126.7740447,302555.9153,4123897.495,0
138770,37.24070703,126.7740415,302555.6264,4123897.037,0
138774,37.24070248,126.7740381,302555.3124,4123896.539,0
138778,37.24069829,126.774035,302555.0246,4123896.081,0
138782,37.24069418,126.7740319,302554.7414,4123895.63,0
138786,37.24069027,126.774029,302554.4729,4123895.203,0
138790,37.2406861,126.7740259,302554.187,4123894.747,0
138794,37.24068175,126.7740227,302553.888,4123894.27,0
138798,37.24067732,126.7740194,302553.5849,4123893.786,0
138802,37.24067217,126.7740158,302553.2515,4123893.222,0
138806,37.24066723,126.7740126,302552.9565,4123892.681,0
138809,37.24066297,126.7740099,302552.7038,4123892.213,0
138812,37.24065812,126.7740068,302552.4213,4123891.682,0
138816,37.24065271,126.7740037,302552.1285,4123891.087,0
138820,37.24064699,126.7740005,302551.8315,4123890.46,0
138823,37.24064272,126.7739981,302551.6104,4123889.991,0
138826,37.24063833,126.7739957,302551.3828,4123889.508,0
138829,37.24063382,126.7739933,302551.158,4123889.013,0
138833,37.24062767,126.7739902,302550.8682,4123888.337,0
138837,37.24062133,126.7739871,302550.5717,4123887.641,0
138840,37.24061651,126.7739847,302550.3466,4123887.111,0
138843,37.24061182,126.7739823,302550.1277,4123886.595,0
138846,37.24060759,126.7739802,302549.9309,4123886.131,0
138849,37.24060275,126.7739778,302549.705,4123885.598,0
138852,37.24059772,126.7739753,302549.4706,4123885.045,0
138855,37.24059271,126.7739729,302549.2376,4123884.495,0
138858,37.24058708,126.7739701,302548.9753,4123883.876,0
138861,37.240582,126.7739676,302548.7387,4123883.317,0
138864,37.24057686,126.773965,302548.4998,4123882.752,0
138867,37.24057185,126.7739625,302548.2669,4123882.202,0
138870,37.24056673,126.77396,302548.0287,4123881.639,0
138873,37.24056153,126.7739574,302547.7866,4123881.067,0
138876,37.24055633,126.7739549,302547.5446,4123880.495,0
138879,37.24055184,126.7739526,302547.3359,4123880.002,0
138882,37.24054674,126.7739501,302547.0986,4123879.441,0
138884,37.24054248,126.773948,302546.9003,4123878.973,0
138887,37.24053809,126.7739458,302546.696,4123878.491,0
138890,37.24053291,126.7739433,302546.4551,4123877.921,0
138892,37.24052864,126.7739411,302546.2564,4123877.452,0
138895,37.24052418,126.7739389,302546.049,4123876.962,0
138898,37.24051903,126.7739364,302545.8091,4123876.395,0
138900,37.24051483,126.7739343,302545.6138,4123875.934,0
138903,37.24050965,126.7739317,302545.3729,4123875.364,0
138906,37.24050389,126.7739289,302545.1053,4123874.731,0
138909,37.2404975,126.7739256,302544.7986,4123874.029,0
138912,37.24049246,126.7739228,302544.5337,4123873.475,0
138915,37.24048807,126.7739202,302544.2908,4123872.994,0
138918,37.24048315,126.7739172,302544.0129,4123872.453,0
138920,37.24047908,126.7739147,302543.7807,4123872.007,0
138923,37.24047398,126.7739116,302543.489,4123871.448,0
138926,37.24046902,126.7739085,302543.205,4123870.904,0
138929,37.24046404,126.7739054,302542.9198,4123870.358,0
138932,37.24045901,126.7739023,302542.632,4123869.806,0
138935,37.24045468,126.7738997,302542.3843,4123869.332,0
138938,37.24044969,126.7738966,302542.0984,4123868.784,0
138940,37.24044563,126.7738941,302541.8654,4123868.339,0
138943,37.24044127,126.7738914,302541.6158,4123867.861,0
138946,37.24043631,126.7738883,302541.3315,4123867.317,0
138948,37.24043219,126.7738858,302541.0953,4123866.865,0
138951,37.2404279,126.7738832,302540.8497,4123866.395,0
138954,37.24042295,126.7738801,302540.5657,4123865.851,0
138957,37.24041779,126.7738769,302540.2708,4123865.286,0
138960,37.24041275,126.7738738,302539.9816,4123864.733,0
138963,37.24040782,126.7738708,302539.6995,4123864.192,0
138966,37.24040259,126.7738676,302539.3995,4123863.619,0
138969,37.24039812,126.7738648,302539.1415,4123863.128,0
138972,37.24039396,126.7738621,302538.8929,4123862.672,0
138976,37.24038868,126.7738586,302538.565,4123862.093,0
138980,37.24038381,126.7738553,302538.2615,4123861.561,0
138984,37.24037921,126.7738522,302537.9724,4123861.056,0
138988,37.24037523,126.7738495,302537.7224,4123860.62,0
138992,37.24037085,126.7738465,302537.4468,4123860.141,0
138996,37.24036627,126.7738434,302537.1581,4123859.639,0
139000,37.2403615,126.7738401,302536.8582,4123859.116,0
139004,37.24035655,126.7738368,302536.5473,4123858.575,0
139007,37.24035152,126.7738334,302536.2314,4123858.024,0
139010,37.24034749,126.7738306,302535.9788,4123857.582,0
139013,37.24034349,126.7738279,302535.7275,4123857.144,0
139016,37.24033812,126.7738243,302535.3904,4123856.556,0
139019,37.24033384,126.7738214,302535.1216,4123856.087,0
139022,37.24032912,126.7738182,302534.8258,4123855.569,0
139025,37.24032478,126.7738152,302534.5545,4123855.094,0
139028,37.24032032,126.7738122,302534.2758,4123854.605,0
139032,37.24031452,126.7738083,302533.9133,4123853.97,0
139035,37.24030979,126.7738051,302533.6181,4123853.452,0
139038,37.2403039,126.7738012,302533.2515,4123852.806,0
139041,37.24029988,126.7737986,302533.0099,4123852.366,0
139044,37.24029511,126.7737957,302532.7427,4123851.843,0
139047,37.24029044,126.773793,302532.4933,4123851.33,0
139050,37.24028593,126.7737905,302532.2565,4123850.835,0
139053,37.24028093,126.7737877,302531.9954,4123850.286,0
139057,37.24027512,126.7737845,302531.7018,4123849.647,0
139061,37.24026933,126.7737816,302531.4227,4123849.012,0
139065,37.24026442,126.7737791,302531.1882,4123848.472,0
139068,37.24026018,126.7737771,302530.9996,4123848.005,0
139072,37.24025503,126.7737747,302530.775,4123847.439,0
139076,37.24024973,126.7737723,302530.5535,4123846.856,0
139079,37.24024422,126.7737702,302530.3509,4123846.249,0
139083,37.24023888,126.7737684,302530.1727,4123845.66,0
139087,37.24023307,126.7737666,302530.0042,4123845.019,0
139091,37.24022847,126.7737655,302529.8872,4123844.511,0
139095,37.24022368,126.7737643,302529.7679,4123843.983,0
139099,37.24021875,126.7737632,302529.6651,4123843.438,0
139103,37.24021304,126.7737622,302529.5577,4123842.806,0
139107,37.24020854,126.7737614,302529.4785,4123842.308,0
139111,37.24020343,126.7737609,302529.415,4123841.742,0
139116,37.2401982,126.7737606,302529.3727,4123841.163,0
139120,37.24019359,126.7737606,302529.3636,4123840.651,0
139125,37.24018833,126.7737608,302529.3655,4123840.067,0
139130,37.2401835,126.7737609,302529.3661,4123839.531,0
139135,37.24017881,126.7737611,302529.3667,4123839.01,0
139141,37.24017368,126.7737614,302529.3847,4123838.44,0
139147,37.24016809,126.7737621,302529.4338,4123837.818,0
139153,37.2401631,126.773763,302529.4984,4123837.263,0
139159,37.240158,126.7737641,302529.5801,4123836.695,0
139165,37.24015294,126.7737652,302529.6686,4123836.131,0
139171,37.24014755,126.7737666,302529.7784,4123835.53,0
139177,37.24014304,126.7737679,302529.8805,4123835.027,0
139183,37.24013827,126.7737695,302530.0098,4123834.494,0
139188,37.24013377,126.7737715,302530.1747,4123833.99,0
139194,37.24012937,126.7737741,302530.3922,4123833.497,0
139199,37.24012503,126.7737775,302530.6851,4123833.008,0
139205,37.24012085,126.7737814,302531.0221,4123832.536,0
139210,37.24011732,126.7737851,302531.3427,4123832.136,0
139216,37.24011363,126.7737891,302531.6864,4123831.719,0
139222,37.24010986,126.7737934,302532.0538,4123831.292,0
139228,37.24010631,126.7737976,302532.42,4123830.889,0
139233,37.24010313,126.7738018,302532.7859,4123830.528,0
139238,37.24009992,126.7738068,302533.2161,4123830.162,0
139244,37.24009676,126.7738127,302533.7336,4123829.798,0
139250,37.24009424,126.7738178,302534.1841,4123829.508,0
139256,37.24009162,126.7738231,302534.6479,4123829.206,0
139261,37.24008922,126.773828,302535.0744,4123828.929,0
139266,37.24008658,126.7738334,302535.5424,4123828.625,0
139271,37.2400837,126.7738393,302536.0629,4123828.294,0
139276,37.24008108,126.7738449,302536.5466,4123827.991,0
139280,37.24007839,126.7738506,302537.0442,4123827.681,0
139285,37.2400755,126.7738567,302537.5784,4123827.347,0
139289,37.24007261,126.7738629,302538.1264,4123827.014,0
139293,37.24007028,126.7738682,302538.5862,4123826.744,0
139297,37.24006761,126.7738742,302539.1109,4123826.436,0
139301,37.24006484,126.7738804,302539.658,4123826.115,0
139305,37.24006198,126.7738868,302540.2213,4123825.784,0
139308,37.24005978,126.7738918,302540.6559,4123825.53,0
139311,37.24005755,126.7738968,302541.0961,4123825.272,0
139314,37.24005523,126.7739021,302541.5536,4123825.004,0
139317,37.24005262,126.773908,302542.0692,4123824.702,0
139320,37.24005023,126.7739133,302542.5418,4123824.425,0
139323,37.24004784,126.7739188,302543.0157,4123824.148,0
139327,37.24004467,126.7739262,302543.6635,4123823.781,0
139330,37.24004245,126.7739315,302544.1305,4123823.524,0
139333,37.24004036,126.7739365,302544.5738,4123823.281,0
139337,37.24003799,126.7739423,302545.076,4123823.006,0
139340,37.24003587,126.7739474,302545.5238,4123822.761,0
139344,37.2400336,126.7739529,302546.0049,4123822.497,0
139348,37.24003105,126.773959,302546.5421,4123822.201,0
139352,37.24002839,126.7739654,302547.1032,4123821.893,0
139355,37.2400263,126.7739705,302547.5452,4123821.651,0
139358,37.24002422,126.7739755,302547.9862,4123821.409,0
139361,37.24002183,126.7739813,302548.4915,4123821.132,0
139364,37.24001968,126.7739865,302548.9478,4123820.883,0
139368,37.24001675,126.7739936,302549.5694,4123820.542,0
139372,37.24001383,126.7740006,302550.1876,4123820.205,0
139376,37.24001106,126.7740073,302550.776,4123819.882,0
139380,37.24000868,126.774013,302551.2779,4123819.607,0
139384,37.24000623,126.7740189,302551.7947,4123819.322,0
139388,37.24000365,126.7740251,302552.3382,4123819.024,0
139392,37.24000104,126.7740314,302552.8903,4123818.72,0
139396,37.23999852,126.7740375,302553.4221,4123818.428,0
139400,37.23999591,126.7740438,302553.9706,4123818.126,0
139404,37.23999322,126.7740502,302554.5372,4123817.814,0
139408,37.23999047,126.7740569,302555.1181,4123817.495,0
139411,37.23998835,126.774062,302555.5656,4123817.249,0
139415,37.23998562,126.7740686,302556.1448,4123816.932,0
139419,37.23998269,126.7740757,302556.7649,4123816.592,0
139422,37.23998054,126.7740808,302557.2178,4123816.343,0
139426,37.23997817,126.7740865,302557.7183,4123816.068,0
139429,37.23997593,126.7740919,302558.191,4123815.808,0
139433,37.23997344,126.7740979,302558.713,4123815.52,0
139437,37.23997093,126.774104,302559.2507,4123815.228,0
139441,37.23996874,126.7741098,302559.7562,4123814.973,0
139445,37.23996655,126.7741157,302560.2784,4123814.717,0
139449,37.23996444,126.7741217,302560.805,4123814.471,0
139453,37.23996229,126.7741287,302561.414,4123814.218,0
139457,37.23996042,126.7741355,302562.0161,4123813.996,0
139460,37.2399591,126.7741415,302562.547,4123813.837,0
139464,37.23995802,126.7741479,302563.1075,4123813.704,0
139468,37.23995731,126.7741545,302563.6891,4123813.611,0
139472,37.23995708,126.7741608,302564.2512,4123813.572,0
139477,37.2399572,126.7741677,302564.8654,4123813.572,0
139481,37.23995742,126.7741736,302565.3866,4123813.584,0
139485,37.23995771,126.7741796,302565.9191,4123813.603,0
139489,37.23995803,126.7741861,302566.5005,4123813.625,0
139494,37.23995853,126.7741929,302567.0998,4123813.666,0
139498,37.23995925,126.7741989,302567.6375,4123813.734,0
139502,37.23996021,126.7742049,302568.1747,4123813.828,0
139506,37.23996135,126.7742107,302568.6848,4123813.943,0
139510,37.23996267,126.7742164,302569.202,4123814.077,0
139514,37.23996412,126.7742219,302569.6923,4123814.226,0
139518,37.23996576,126.7742274,302570.1834,4123814.397,0
139522,37.23996759,126.7742328,302570.6669,4123814.588,0
139526,37.23996983,126.7742386,302571.1893,4123814.825,0
139531,37.23997241,126.7742447,302571.7302,4123815.099,0
139536,37.23997553,126.7742511,302572.3063,4123815.432,0
139540,37.23997837,126.7742565,302572.7921,4123815.735,0
139545,37.23998134,126.7742619,302573.2838,4123816.054,0
139549,37.23998392,126.7742666,302573.7036,4123816.33,0
139554,37.23998693,126.7742715,302574.1486,4123816.654,0
139558,37.2399903,126.7742763,302574.5848,4123817.018,0
139563,37.23999436,126.7742815,302575.0596,4123817.458,0
139568,37.23999786,126.7742856,302575.4311,4123817.837,0
139573,37.24000185,126.7742899,302575.8195,4123818.271,0
139578,37.24000625,126.7742942,302576.2161,4123818.75,0
139583,37.24001001,126.7742978,302576.5414,4123819.16,0
139588,37.24001465,126.774302,302576.927,4123819.666,0
139594,37.24001947,126.7743063,302577.323,4123820.192,0
139599,37.24002334,126.7743095,302577.6162,4123820.615,0
139603,37.24002761,126.7743128,302577.9201,4123821.082,0
139608,37.24003225,126.774316,302578.2173,4123821.59,0
139614,37.24003716,126.7743194,302578.5311,4123822.127,0
139619,37.24004129,126.7743223,302578.7954,4123822.58,0
139624,37.24004638,126.7743258,302579.1197,4123823.137,0
139629,37.24005099,126.7743289,302579.4132,4123823.642,0
139633,37.24005524,126.7743319,302579.6833,4123824.107,0
139637,37.24005966,126.7743349,302579.9645,4123824.592,0
139641,37.24006419,126.774338,302580.2529,4123825.088,0
139645,37.24006943,126.7743416,302580.5857,4123825.662,0
139649,37.24007435,126.774345,302580.8985,4123826.201,0
139653,37.24007993,126.7743488,302581.2523,4123826.811,0
139656,37.24008469,126.7743521,302581.5544,4123827.333,0
139660,37.24008947,126.7743554,302581.8578,4123827.857,0
139663,37.24009355,126.7743582,302582.116,4123828.304,0
139666,37.24009777,126.774361,302582.3829,4123828.766,0
139669,37.24010197,126.7743639,302582.6486,4123829.226,0
139672,37.24010623,126.7743668,302582.9183,4123829.692,0
139675,37.24011116,126.7743702,302583.2304,4123830.233,0
139678,37.24011552,126.7743732,302583.506,4123830.71,0
139682,37.24012167,126.7743774,302583.8931,4123831.384,0
139685,37.24012746,126.7743812,302584.2498,4123832.018,0
139689,37.24013303,126.7743849,302584.5928,4123832.628,0
139693,37.24013844,126.7743885,302584.9261,4123833.221,0
139697,37.24014303,126.7743915,302585.2067,4123833.724,0
139701,37.24014834,126.7743948,302585.5116,4123834.307,0
139705,37.2401534,126.7743979,302585.7974,4123834.862,0
139709,37.24015813,126.7744008,302586.0645,4123835.381,0
139713,37.24016284,126.7744036,302586.331,4123835.898,0
139717,37.24016821,126.7744069,302586.6338,4123836.486,0
139721,37.2401734,126.7744099,302586.9112,4123837.056,0
139725,37.2401787,126.7744126,302587.1692,4123837.638,0
139729,37.2401842,126.7744154,302587.4319,4123838.243,0
139733,37.24018983,126.7744183,302587.7003,4123838.862,0
139736,37.24019418,126.7744205,302587.9069,4123839.34,0
139739,37.24019857,126.7744226,302588.1095,4123839.822,0
139743,37.24020467,126.7744253,302588.3663,4123840.494,0
139747,37.24021078,126.7744279,302588.6056,4123841.166,0
139751,37.24021768,126.7744307,302588.8732,4123841.926,0
139754,37.24022371,126.774433,302589.0926,4123842.59,0
139758,37.24023019,126.7744353,302589.3198,4123843.304,0
139761,37.24023461,126.7744368,302589.4624,4123843.791,0
139764,37.24023969,126.7744383,302589.6083,4123844.352,0
139767,37.24024494,126.7744398,302589.7509,4123844.932,0
139770,37.24025084,126.7744413,302589.8973,4123845.584,0
139773,37.2402555,126.7744422,302589.9938,4123846.098,0
139776,37.24026074,126.774443,302590.0818,4123846.678,0
139779,37.2402657,126.7744437,302590.1541,4123847.227,0
139782,37.24027075,126.7744443,302590.2195,4123847.786,0
139785,37.24027587,126.7744447,302590.2696,4123848.353,0
139788,37.2402809,126.774445,302590.3102,4123848.911,0
139791,37.24028581,126.7744453,302590.3468,4123849.455,0
139794,37.24029088,126.7744454,302590.3714,4123850.018,0
139797,37.24029584,126.7744455,302590.3894,4123850.568,0
139800,37.24030086,126.7744454,302590.399,4123851.125,0
139803,37.24030584,126.7744453,302590.4006,4123851.677,0
139806,37.24031156,126.774445,302590.3929,4123852.313,0
139810,37.24031839,126.7744444,302590.3487,4123853.073,0
139813,37.24032338,126.7744434,302590.2817,4123853.628,0
139817,37.24032948,126.7744417,302590.1414,4123854.308,0
139821,37.24033453,126.7744394,302589.9527,4123854.873,0
139825,37.24033973,126.774436,302589.6601,4123855.457,0
139829,37.24034468,126.7744315,302589.2743,4123856.016,0
139833,37.24034843,126.7744272,302588.9056,4123856.441,0
139837,37.24035217,126.7744224,302588.4939,4123856.866,0
139841,37.24035555,126.7744182,302588.1222,4123857.251,0
139845,37.24035887,126.7744143,302587.7851,4123857.627,0
139850,37.24036289,126.77441,302587.4148,4123858.081,0
139855,37.24036714,126.7744054,302587.0247,4123858.563,0
139860,37.24037096,126.7744013,302586.6681,4123858.995,0
139864,37.24037432,126.7743974,302586.3284,4123859.376,0
139869,37.24037817,126.7743928,302585.9347,4123859.813,0
139873,37.24038154,126.7743887,302585.5784,4123860.195,0
139878,37.24038499,126.774384,302585.1679,4123860.588,0
139883,37.24038859,126.7743787,302584.7112,4123860.999,0
139888,37.24039163,126.7743741,302584.3081,4123861.345,0
139893,37.24039468,126.7743693,302583.8939,4123861.694,0
139898,37.24039759,126.7743648,302583.5014,4123862.026,0
139903,37.2404005,126.77436,302583.0784,4123862.359,0
139908,37.24040352,126.7743544,302582.5933,4123862.706,0
139914,37.24040642,126.7743489,302582.1149,4123863.04,0
139918,37.24040907,126.7743437,302581.6533,4123863.344,0
139924,37.24041191,126.774338,302581.1616,4123863.671,0
139928,37.24041432,126.7743333,302580.7441,4123863.948,0
139933,37.24041697,126.774328,302580.2822,4123864.254,0
139937,37.24041968,126.7743226,302579.8111,4123864.565,0
139942,37.24042262,126.7743167,302579.2994,4123864.904,0
139946,37.24042554,126.7743109,302578.7897,4123865.241,0
139950,37.24042832,126.7743054,302578.3061,4123865.56,0
139954,37.24043083,126.7743002,302577.8556,4123865.85,0
139958,37.24043369,126.7742943,302577.342,4123866.179,0
139962,37.24043697,126.7742876,302576.753,4123866.556,0
139966,37.24043971,126.774282,302576.26,4123866.872,0
139969,37.24044208,126.7742771,302575.8342,4123867.146,0
139972,37.24044446,126.7742722,302575.4069,4123867.42,0
139975,37.24044757,126.7742656,302574.8311,4123867.779,0
139978,37.24045065,126.7742587,302574.2228,4123868.136,0
139981,37.24045296,126.7742535,302573.7663,4123868.403,0
139984,37.24045535,126.774248,302573.2911,4123868.679,0
139987,37.24045807,126.7742419,302572.752,4123868.993,0
139990,37.24046052,126.7742363,302572.2648,4123869.277,0
139993,37.24046305,126.7742306,302571.7647,4123869.57,0
139997,37.24046636,126.7742231,302571.1081,4123869.952,0
140000,37.24046897,126.7742172,302570.5863,4123870.255,0
140003,37.24047149,126.7742114,302570.084,4123870.546,0
140007,37.24047488,126.7742037,302569.4078,4123870.939,0
140010,37.24047749,126.7741978,302568.888,4123871.241,0
140013,37.24048012,126.7741918,302568.3653,4123871.544,0
140016,37.24048274,126.7741858,302567.8433,4123871.848,0
140019,37.24048538,126.7741798,302567.3185,4123872.153,0
140022,37.24048769,126.7741746,302566.8577,4123872.421,0
140025,37.24049033,126.7741686,302566.3323,4123872.726,0
140028,37.24049304,126.7741624,302565.792,4123873.04,0
140031,37.24049603,126.7741556,302565.1988,4123873.385,0
140034,37.2404987,126.7741496,302564.6682,4123873.694,0
140037,37.24050143,126.7741434,302564.1263,4123874.01,0
140040,37.24050409,126.7741373,302563.5968,4123874.319,0
140043,37.24050641,126.7741321,302563.1359,4123874.587,0
140046,37.24050906,126.774126,302562.6082,4123874.894,0
140049,37.2405118,126.7741198,302562.0646,4123875.21,0
140052,37.2405145,126.7741137,302561.5274,4123875.523,0
140055,37.24051717,126.7741076,302560.9952,4123875.832,0
140058,37.24051986,126.7741015,302560.459,4123876.143,0
140061,37.24052257,126.7740953,302559.9178,4123876.456,0
140064,37.24052554,126.7740885,302559.3236,4123876.8,0
140067,37.24052787,126.7740832,302558.8596,4123877.07,0
140070,37.24053056,126.7740771,302558.3235,4123877.381,0
140073,37.24053324,126.774071,302557.7909,4123877.691,0
140075,37.24053543,126.774066,302557.3547,4123877.944,0
140078,37.24053772,126.7740608,302556.8982,4123878.21,0
140081,37.24054041,126.7740547,302556.3626,4123878.521,0
140084,37.24054311,126.7740486,302555.8248,4123878.833,0
140087,37.24054584,126.7740424,302555.2811,4123879.149,0
140090,37.2405485,126.7740363,302554.7502,4123879.457,0
140093,37.24055119,126.7740302,302554.2154,4123879.768,0
140096,37.2405539,126.774024,302553.6739,4123880.082,0
140099,37.24055692,126.7740171,302553.0723,4123880.431,0
140102,37.24055926,126.7740118,302552.607,4123880.701,0
140104,37.24056191,126.7740058,302552.0769,4123881.009,0
140106,37.24056411,126.7740008,302551.6404,4123881.262,0
140109,37.24056642,126.7739955,302551.1798,4123881.53,0
140112,37.2405691,126.7739894,302550.645,4123881.84,0
140115,37.24057185,126.7739832,302550.096,4123882.159,0
140118,37.24057485,126.7739763,302549.4993,4123882.506,0
140121,37.2405772,126.773971,302549.0315,4123882.777,0
140124,37.24057986,126.7739649,302548.501,4123883.086,0
140126,37.24058206,126.77396,302548.0646,4123883.339,0
140129,37.24058436,126.7739547,302547.6065,4123883.606,0
140132,37.24058707,126.7739486,302547.0677,4123883.919,0
140135,37.24058979,126.7739424,302546.526,4123884.234,0
140138,37.24059245,126.7739364,302545.9978,4123884.541,0
140140,37.24059467,126.7739313,302545.5542,4123884.799,0
140143,37.24059702,126.773926,302545.0874,4123885.071,0
140146,37.24059969,126.7739199,302544.5561,4123885.38,0
140148,37.24060194,126.7739148,302544.1083,4123885.64,0
140151,37.24060422,126.7739096,302543.6545,4123885.904,0
140154,37.24060691,126.7739035,302543.1213,4123886.215,0
140156,37.24060911,126.7738985,302542.6846,4123886.469,0
140159,37.24061183,126.7738923,302542.1422,4123886.785,0
140162,37.2406146,126.773886,302541.5928,4123887.105,0
140165,37.24061727,126.77388,302541.0608,4123887.414,0
140168,37.24062001,126.7738737,302540.5155,4123887.73,0
140171,37.2406227,126.7738676,302539.9789,4123888.042,0
140174,37.24062505,126.7738623,302539.5109,4123888.314,0
140177,37.24062772,126.7738562,302538.9808,4123888.623,0
140179,37.24062991,126.7738512,302538.5382,4123888.876,0
140182,37.24063221,126.7738458,302538.0718,4123889.143,0
140185,37.24063484,126.7738397,302537.5381,4123889.447,0
140188,37.24063756,126.7738334,302536.9855,4123889.762,0
140191,37.24064056,126.7738265,302536.3763,4123890.11,0
140194,37.24064322,126.7738203,302535.837,4123890.417,0
140197,37.24064585,126.7738142,302535.3016,4123890.722,0
140200,37.24064852,126.773808,302534.7582,4123891.031,0
140203,37.24065138,126.7738012,302534.158,4123891.363,0
140206,37.24065445,126.7737935,302533.4883,4123891.72,0
140209,37.24065697,126.7737872,302532.9333,4123892.012,0
140212,37.24065943,126.7737809,302532.386,4123892.299,0
140215,37.24066189,126.7737747,302531.838,4123892.585,0
140218,37.2406644,126.7737683,302531.2791,4123892.877,0
140221,37.24066688,126.773762,302530.7277,4123893.165,0
140224,37.24066934,126.7737558,302530.1809,4123893.451,0
140227,37.24067183,126.7737495,302529.6263,4123893.741,0
140230,37.24067397,126.773744,302529.1507,4123893.989,0
140232,37.24067643,126.7737378,302528.6052,4123894.275,0
140234,37.24067851,126.7737326,302528.1446,4123894.516,0
140237,37.24068059,126.7737273,302527.6844,4123894.758,0
140240,37.24068309,126.773721,302527.1308,4123895.049,0
140243,37.24068559,126.7737147,302526.5785,4123895.339,0
140246,37.24068806,126.7737084,302526.0287,4123895.627,0
140249,37.24069051,126.7737022,302525.4847,4123895.911,0
140251,37.24069258,126.773697,302525.0253,4123896.151,0
140253,37.24069499,126.7736909,302524.4871,4123896.433,0
140256,37.24069746,126.7736846,302523.9373,4123896.72,0
140259,37.24069988,126.7736785,302523.4,4123897.001,0
140262,37.24070218,126.7736726,302522.8891,4123897.268,0
140265,37.24070444,126.7736669,302522.388,4123897.531,0
140269,37.24070738,126.7736594,302521.7315,4123897.872,0
140272,37.24070952,126.7736536,302521.2218,4123898.123,0
140276,37.24071216,126.7736463,302520.5766,4123898.43,0
140280,37.24071468,126.7736391,302519.9498,4123898.725,0
140284,37.24071707,126.7736318,302519.3015,4123899.006,0
140288,37.24071913,126.7736244,302518.6547,4123899.249,0
140292,37.24072077,126.773617,302517.9987,4123899.447,0
140296,37.24072205,126.7736086,302517.2624,4123899.606,0
140299,37.24072281,126.773602,302516.6744,4123899.705,0
140303,37.24072349,126.7735958,302516.1264,4123899.793,0
140307,37.24072419,126.7735894,302515.5664,4123899.884,0
140311,37.24072493,126.7735828,302514.9823,4123899.98,0
140316,37.24072562,126.7735763,302514.4018,4123900.07,0
140320,37.24072606,126.7735702,302513.8655,4123900.131,0
140324,37.24072625,126.7735643,302513.3429,4123900.165,0
140329,37.24072646,126.7735569,302512.6881,4123900.204,0
140333,37.2407265,126.7735505,302512.1194,4123900.222,0
140337,37.24072648,126.7735444,302511.5773,4123900.232,0
140342,37.2407263,126.7735382,302511.0246,4123900.225,0
140346,37.240726,126.7735324,302510.51,4123900.204,0
140351,37.24072537,126.7735259,302509.9346,4123900.147,0
140356,37.24072421,126.7735187,302509.2927,4123900.033,0
140361,37.24072304,126.7735127,302508.7519,4123899.916,0
140366,37.24072143,126.7735056,302508.1194,4123899.753,0
140371,37.24071993,126.7734994,302507.5705,4123899.6,0
140375,37.24071834,126.773494,302507.0835,4123899.434,0
140380,37.24071589,126.7734872,302506.472,4123899.177,0
140384,37.24071374,126.7734822,302506.0209,4123898.948,0
140388,37.24071083,126.7734766,302505.5229,4123898.637,0
140393,37.24070731,126.773471,302505.0155,4123898.258,0
140398,37.24070323,126.7734656,302504.5271,4123897.816,0
140403,37.24069994,126.7734616,302504.1573,4123897.46,0
140408,37.24069597,126.7734566,302503.7091,4123897.03,0
140413,37.24069237,126.7734521,302503.3024,4123896.639,0
140417,37.24068906,126.773448,302502.9293,4123896.281,0
140421,37.24068557,126.7734437,302502.5363,4123895.903,0
140425,37.24068194,126.7734392,302502.1271,4123895.51,0
140429,37.24067775,126.7734342,302501.6728,4123895.055,0
140433,37.24067426,126.7734301,302501.3021,4123894.677,0
140437,37.24067039,126.7734257,302500.8969,4123894.257,0
140441,37.24066653,126.7734213,302500.5031,4123893.836,0
140445,37.24066254,126.7734171,302500.117,4123893.403,0
140449,37.240658,126.7734128,302499.723,4123892.908,0
140453,37.24065423,126.7734096,302499.426,4123892.497,0
140457,37.24065001,126.7734063,302499.127,4123892.035,0
140461,37.24064593,126.7734034,302498.8573,4123891.589,0
140464,37.24064182,126.7734005,302498.586,4123891.138,0
140468,37.24063704,126.7733971,302498.2716,4123890.615,0
140472,37.24063298,126.7733942,302498.0038,4123890.171,0
140476,37.24062839,126.7733908,302497.6957,4123889.669,0
140480,37.24062367,126.7733873,302497.369,4123889.152,0
140484,37.24061874,126.7733836,302497.0284,4123888.613,0
140488,37.24061369,126.7733798,302496.6794,4123888.06,0
140490,37.24060961,126.7733767,302496.3968,4123887.614,0
140493,37.24060546,126.7733736,302496.1104,4123887.161,0
140496,37.24060152,126.7733707,302495.8389,4123886.729,0
140499,37.24059738,126.7733676,302495.5535,4123886.276,0
140502,37.2405932,126.7733645,302495.2649,4123885.819,0
140505,37.24058899,126.7733613,302494.9738,4123885.358,0
140508,37.24058339,126.7733571,302494.5882,4123884.745,0
140511,37.24057906,126.7733539,302494.29,4123884.272,0
140514,37.24057468,126.7733506,302493.9875,4123883.793,0
140517,37.24057021,126.7733473,302493.6801,4123883.303,0
140520,37.24056567,126.7733441,302493.3841,4123882.807,0
140523,37.24056107,126.773341,302493.1017,4123882.302,0
140526,37.24055624,126.7733379,302492.8097,4123881.773,0
140529,37.24055089,126.7733344,302492.4879,4123881.187,0
140532,37.24054616,126.7733313,302492.2039,4123880.668,0
140535,37.2405412,126.7733281,302491.9066,4123880.125,0
140538,37.24053707,126.7733255,302491.6593,4123879.672,0
140541,37.24053225,126.7733223,302491.3662,4123879.144,0
140543,37.24052814,126.7733195,302491.1107,4123878.694,0
140546,37.24052336,126.7733163,302490.813,4123878.17,0
140549,37.24051849,126.773313,302490.5088,4123877.636,0
140552,37.24051361,126.7733098,302490.2048,4123877.102,0
140555,37.24050877,126.7733065,302489.9032,4123876.572,0
140558,37.24050449,126.7733036,302489.6368,4123876.103,0
140561,37.24049962,126.7733003,302489.3333,4123875.569,0
140564,37.24049471,126.773297,302489.0277,4123875.031,0
140567,37.24048983,126.7732938,302488.7236,4123874.496,0
140569,37.24048578,126.773291,302488.4719,4123874.053,0
140572,37.24048105,126.7732879,302488.1772,4123873.535,0
140575,37.24047609,126.7732845,302487.8677,4123872.991,0
140578,37.24047181,126.7732816,302487.6008,4123872.522,0
140581,37.24046692,126.7732784,302487.297,4123871.986,0
140584,37.24046202,126.7732751,302486.9927,4123871.45,0
140587,37.24045709,126.7732717,302486.6854,4123870.909,0
140590,37.24045215,126.7732684,302486.3768,4123870.369,0
140593,37.24044723,126.7732651,302486.0688,4123869.829,0
140596,37.24044229,126.7732618,302485.7611,4123869.289,0
140599,37.24043737,126.7732585,302485.4547,4123868.749,0
140602,37.24043245,126.7732551,302485.1482,4123868.21,0
140605,37.24042755,126.7732518,302484.8424,4123867.673,0
140608,37.24042254,126.7732485,302484.5303,4123867.124,0
140611,37.24041761,126.7732452,302484.2237,4123866.585,0
140614,37.24041265,126.7732418,302483.9154,4123866.041,0
140617,37.2404078,126.7732386,302483.615,4123865.51,0
140619,37.24040373,126.7732359,302483.3618,4123865.064,0
140621,37.24039893,126.7732326,302483.0626,4123864.538,0
140624,37.24039402,126.7732293,302482.756,4123864,0
140627,37.24038908,126.773226,302482.4468,4123863.459,0
140630,37.24038415,126.7732226,302482.1385,4123862.918,0
140633,37.24037858,126.7732189,302481.7928,4123862.309,0
140636,37.24037264,126.7732149,302481.4231,4123861.657,0
140639,37.24036837,126.7732121,302481.1577,4123861.19,0
140642,37.24036345,126.7732087,302480.852,4123860.651,0
140645,37.24035851,126.7732054,302480.5441,4123860.109,0
140648,37.24035356,126.7732021,302480.2359,4123859.567,0
140651,37.24034863,126.7731988,302479.9295,4123859.028,0
140654,37.24034367,126.7731955,302479.6216,4123858.483,0
140657,37.24033875,126.7731922,302479.3164,4123857.945,0
140660,37.24033384,126.7731889,302479.0112,4123857.407,0
140663,37.24032893,126.7731856,302478.7055,4123856.869,0
140666,37.24032399,126.7731823,302478.3983,4123856.327,0
140669,37.24031903,126.7731789,302478.0902,4123855.784,0
140672,37.24031412,126.7731756,302477.7861,4123855.246,0
140675,37.24030909,126.7731723,302477.4744,4123854.696,0
140678,37.24030403,126.7731689,302477.1594,4123854.141,0
140681,37.24029865,126.7731652,302476.8237,4123853.551,0
140684,37.24029418,126.7731622,302476.5457,4123853.061,0
140687,37.24028978,126.7731593,302476.2721,4123852.579,0
140691,37.24028425,126.7731556,302475.9274,4123851.974,0
140695,37.24027906,126.7731521,302475.602,4123851.405,0
140699,37.24027422,126.7731488,302475.2991,4123850.875,0
140703,37.2402701,126.773146,302475.0406,4123850.423,0
140707,37.24026597,126.7731432,302474.7805,4123849.971,0
140712,37.2402607,126.7731396,302474.4483,4123849.394,0
140717,37.24025661,126.7731368,302474.1898,4123848.946,0
140722,37.24025263,126.7731341,302473.9375,4123848.51,0
140727,37.24024828,126.7731311,302473.6607,4123848.033,0
140733,37.2402443,126.7731283,302473.4075,4123847.597,0
140739,37.24024017,126.7731255,302473.1441,4123847.145,0
140747,37.24023594,126.7731226,302472.875,4123846.682,0
140755,37.24023193,126.7731198,302472.6185,4123846.243,0
140765,37.24022768,126.7731169,302472.3472,4123845.777,0
140776,37.24022351,126.773114,302472.0802,4123845.32,0
140788,37.24021932,126.7731111,302471.8124,4123844.862,0
140800,37.24021525,126.7731083,302471.5516,4123844.416,0
140813,37.24021105,126.7731054,302471.2822,4123843.956,0
